,Text,Page,Line.No,Text.Var
1, 1 To amend and revise provisions of the Official Code of Georgia Annotated relating to,1,1,To amend and revise provisions of the Official Code of Georgia Annotated relating to
2, 2 abortions; to amend Article 3 of Chapter 11 of Title 15 of the Official Code of Georgia,1,2,abortions; to amend Article 3 of Chapter 11 of Title 15 of the Official Code of Georgia
3," 3 Annotated, relating to parental notification, so as to define and redefine certain terms; to",1,3,"Annotated, relating to parental notification, so as to define and redefine certain terms; to"
4, 4 require certain types of identification to be presented in order for a physician to perform an,1,4,require certain types of identification to be presented in order for a physician to perform an
5," 5 abortion; to change provisions relating to required participation by or notice to parents,",1,5,"abortion; to change provisions relating to required participation by or notice to parents,"
6," 6 guardians, and others and court proceedings for waiver of such provisions; to amend Chapter",1,6,"guardians, and others and court proceedings for waiver of such provisions; to amend Chapter"
7," 7 12 of Title 16 of the Official Code of Georgia Annotated, relating to offenses against health",1,7,"12 of Title 16 of the Official Code of Georgia Annotated, relating to offenses against health"
8," 8 and morals, so as to provide that abortions must be performed in certain facilities and by",1,8,"and morals, so as to provide that abortions must be performed in certain facilities and by"
9, 9 certain persons; to provide for certain reports; to provide for certain forms; to provide for,1,9,certain persons; to provide for certain reports; to provide for certain forms; to provide for
10,10 certain reports by the Department of Human Resources; to provide for penalties and remedies,1,10,certain reports by the Department of Human Resources; to provide for penalties and remedies
11,11 for failure to provide such reports; to amend Title 31 of the Official Code of Georgia,1,11,for failure to provide such reports; to amend Title 31 of the Official Code of Georgia
12,"12 Annotated, relating to health, so as to enact the ""Woman큦 Right to Know Act""; to provide",1,12,"Annotated, relating to health, so as to enact the ""Woman큦 Right to Know Act""; to provide"
13,13 for a short title; to provide for definitions; to require that a female give her informed consent,1,13,for a short title; to provide for definitions; to require that a female give her informed consent
14,14 prior to an abortion; to require that certain information be provided to or made available to,1,14,prior to an abortion; to require that certain information be provided to or made available to
15,15 a female prior to an abortion; to require a written acknowledgment of receipt of such,1,15,a female prior to an abortion; to require a written acknowledgment of receipt of such
16,16 information; to provide for the preparation and availability of certain information; to provide,1,16,information; to provide for the preparation and availability of certain information; to provide
17,17 for procedures in a medical emergency; to provide for reporting requirements and penalties,1,17,for procedures in a medical emergency; to provide for reporting requirements and penalties
18,18 for noncompliance; to provide for anonymity of certain persons in civil actions; to provide,1,18,for noncompliance; to provide for anonymity of certain persons in civil actions; to provide
19,19 for related matters; to provide for severability; to provide for an effective date; to repeal,1,19,for related matters; to provide for severability; to provide for an effective date; to repeal
20,20 conflicting laws; and for other purposes.,1,20,conflicting laws; and for other purposes.
21,21            BE IT ENACTED BY THE GENERAL ASSEMBLY OF GEORGIA:,1,21,           BE IT ENACTED BY THE GENERAL ASSEMBLY OF GEORGIA:
22,22                                            SECTION 1.,1,22,                                           SECTION 1.
23,"23 Article 3 of Chapter 11 of Title 15 of the Official Code of Georgia Annotated, relating to",1,23,"Article 3 of Chapter 11 of Title 15 of the Official Code of Georgia Annotated, relating to"
24,"24 parental notification, is amended by striking Code Section 15-11-111, relating to definitions,",1,24,"parental notification, is amended by striking Code Section 15-11-111, relating to definitions,"
25,25 and inserting in lieu thereof the following:,1,25,and inserting in lieu thereof the following:
26," 1   ""15-11-111.",2,1,"  ""15-11-111."
27," 2   As used in this article, the term:",2,2,"  As used in this article, the term:"
28, 3     (1) 'Abortion' means the intentional termination of human pregnancy with an intention,2,3,    (1) 'Abortion' means the 
29, 4     other than to produce a live birth or to remove a dead fetus use or prescription of any,2,4,    use or prescription of any
30," 5     instrument, medicine, drug, or any other substance or device with the intent to terminate",2,5,"    instrument, medicine, drug, or any other substance or device with the intent to terminate"
31, 6     the pregnancy of a female known to be pregnant. The term 'abortion' shall not include,2,6,    the pregnancy of a female known to be pregnant. The term 'abortion' shall not include
32," 7     the use or prescription of any instrument, medicine, drug, or any other substance or",2,7,"    the use or prescription of any instrument, medicine, drug, or any other substance or"
33," 8     device employed solely to increase the probability of a live birth, to preserve the life or",2,8,"    device employed solely to increase the probability of a live birth, to preserve the life or"
34," 9     health of the child after live birth, or to remove a dead unborn child who died as a result",2,9,"    health of the child after live birth, or to remove a dead unborn child who died as a result"
35,10     of a spontaneous abortion. The term 'abortion' also shall not include the prescription or,2,10,    of a spontaneous abortion. The term 'abortion' also shall not include the prescription or
36,11     use of contraceptives.,2,11,    use of contraceptives.
37,12     (2) 'Proper identification' means any document issued by a governmental agency,2,12,    (2) 'Proper identification' means any document issued by a governmental agency
38,"13     containing a description of the person, the person큦 photograph, or both, including, but",2,13,"    containing a description of the person, the person큦 photograph, or both, including, but"
39,"14     not limited to, a driver큦 license, an identification card authorized under Code Sections",2,14,"    not limited to, a driver큦 license, an identification card authorized under Code Sections"
40,"15     40-5-100 through 40-5-104 or similar identification card issued by another state, a",2,15,"    40-5-100 through 40-5-104 or similar identification card issued by another state, a"
41,"16     military identification card, a passport, or an appropriate work authorization issued by the",2,16,"    military identification card, a passport, or an appropriate work authorization issued by the"
42,17     United States Immigration and Naturalization Service.,2,17,    United States Immigration and Naturalization Service.
43,18     (2)(3) 'Unemancipated minor' means any person under the age of 18 who is not or has,2,18,    (3) 'Unemancipated minor' means any person under the age of 18 who is not or has
44,"19     not been married or who is under the care, custody, and control of such person큦 parent",2,19,"    not been married or who is under the care, custody, and control of such person큦 parent"
45,"20     or parents, guardian, person standing in loco parentis, or the juvenile court of competent",2,20,"    or parents, guardian, or the juvenile court of competent"
46,"21     jurisdiction.""",2,21,"    jurisdiction."""
47,22                                            SECTION 2.,2,22,                                           SECTION 2.
48,"23 Said article is further amended by striking Code Section 15-11-112, relating to the notice of",2,23,"Said article is further amended by striking Code Section 15-11-112, relating to the notice of"
49,"24 an abortion for an unemancipated minor, and inserting in lieu thereof the following:",2,24,"an abortion for an unemancipated minor, and inserting in lieu thereof the following:"
50,"25   ""(a) No physician or other person shall perform an abortion upon an unemancipated minor",2,25,"  ""(a) No physician or other person shall perform an abortion upon an unemancipated minor"
51,26   under the age of 18 years unless:,2,26,  under the age of 18 years unless:
52,"27       (1)(A) The minor seeking an abortion shall furnish a statement, signed be accompanied",2,27,      (1)(A) The minor seeking an abortion shall be accompanied
53,"28       by a parent, or guardian, or person standing in loco parentis and such minor, stating",2,28,"      by a parent, or guardian"
54,"29       who shall show proper identification and state that such the parent, or guardian, or",2,29,"      who shall show proper identification and state that the parent, or guardian"
55,"30       person standing in loco parentis is the lawful parent or guardian of such the minor, or",2,30,      is the lawful parent or guardian of the minor 
56,"31       is the person standing in loco parentis of such minor, and that such the parent, or",2,31,"      and that the parent, or"
57,"32       guardian, or person standing in loco parentis has been notified that an abortion is to be",2,32,      guardian has been notified that an abortion is to be
58,33       performed on such the minor; or,2,33,      performed on the minor; 
59,34       (B) The physician or an the physician큦 qualified agent gives at least 24 hours actual,2,34,      (B) The physician or the physician큦 qualified agent gives at least 24 hours actual
60,"35       notice, in person or by telephone, to a parent, or guardian, or person standing in loco",2,35,"      notice, in person or by telephone, to a parent, or guardian"
61,"36       parentis of the minor, of the pending abortion and the name and address of the place",2,36,     of the pending abortion and the name and address of the place
62," 1      where the abortion is to be performed; provided, however, that, if the person so notified",3,1,"     where the abortion is to be performed; provided, however, that, if the person so notified"
63, 2      indicates that he or she has been previously informed that the minor was seeking an,3,2,     indicates that he or she has been previously informed that the minor was seeking an
64, 3      abortion or if the person so notified has not been previously informed and he or she,3,3,     abortion or if the person so notified has not been previously informed and he or she
65," 4      clearly expresses that he or she does not wish to consult with the minor, then in either",3,4,"     clearly expresses that he or she does not wish to consult with the minor, then in either"
66, 5      event the abortion may proceed immediately in accordance with Chapter 9A of Title,3,5,     event the abortion may proceed in accordance with Chapter 9A of Title
67, 6      31; or,3,6,     31; or
68, 7      (C) The physician or an a physician큦 qualified agent gives written notice of the,3,7,     (C) The physician or a physician큦 qualified agent gives written notice of the
69," 8      pending abortion and the address of the place where the abortion is to be performed,",3,8,"     pending abortion and the address of the place where the abortion is to be performed,"
70," 9      sent by regular certified mail, return receipt requested with delivery confirmation,",3,9,"     sent by certified mail, return receipt requested with delivery confirmation,"
71,"10      addressed to a parent, or guardian, or person standing in loco parentis of the minor at",3,10,"     addressed to a parent, or guardian at"
72,"11      the usual place of abode of the parent, or guardian, or person standing in loco parentis.",3,11,"     the usual place of abode of the parent, or guardian."
73,"12      Unless proof of delivery is otherwise sooner established, such notice shall be deemed",3,12,"     Unless proof of delivery is otherwise sooner established, such notice shall be deemed"
74,13      delivered 48 hours after mailing. The time of mailing shall be recorded by the,3,13,     delivered 48 hours after mailing. The time of mailing shall be recorded by the
75,14      physician or agent in the minor큦 file. The abortion may be performed 24 hours after,3,14,     physician or agent in the minor큦 file. The abortion may be performed 24 hours after
76,"15      the delivery of the notice; provided, however, that, if the person so notified indicates",3,15,"     the delivery of the notice; provided, however, that, if the person so notified "
77,16      certifies in writing that he or she has been previously informed that the minor was,3,16,     certifies in writing that he or she has been previously informed that the minor was
78,17      seeking an abortion or if the person so notified has not been previously informed and,3,17,     seeking an abortion or if the person so notified has not been previously informed and
79,18      he or she clearly expresses certifies in writing that he or she does not wish to consult,3,18,     he or she certifies in writing that he or she does not wish to consult
80,"19      with the minor, then in either event the abortion may proceed immediately in",3,19,"     with the minor, then in either event the abortion may proceed in"
81,20      accordance with Chapter 9A of Title 31; and,3,20,     accordance with Chapter 9A of Title 31; and
82,"21    (2) The minor signs a consent form stating that she consents, freely and without",3,21,"   (2) The minor signs a consent form stating that she consents, freely and without"
83,"22    coercion, to the abortion.",3,22,"   coercion, to the abortion."
84,"23  (b) If the unemancipated minor or the physician or an a physician큦 qualified agent, as the",3,23," (b) If the unemancipated minor or the physician or a physician큦 qualified agent, as the"
85,"24  case may be, elects not to comply with any one of the notification requirements of",3,24," case may be, elects not to comply with any one of the requirements of"
86,"25  subparagraph (a)(1)(A), (a)(1)(B), or (a)(1)(C) of this Code section, or if the parent, or",3,25," subparagraph (a)(1)(A), (a)(1)(B), or (a)(1)(C) of this Code section, or if the parent, or"
87,"26  legal guardian, or person standing in loco parentis of such the minor cannot be located,",3,26," legal guardian of the minor cannot be located,"
88,"27  such the minor may petition, on such the minor큦 own behalf or by next friend, any juvenile",3,27," the minor may petition, on the minor큦 own behalf or by next friend, any juvenile"
89,28  court in the state for a waiver of such requirement pursuant to the procedures provided for,3,28, court in the state for a waiver of such requirement pursuant to the procedures provided for
90,29  in Code Section 15-11-114. Such The juvenile court shall assist the minor or next friend,3,29, in Code Section 15-11-114. The juvenile court shall assist the minor or next friend
91,30  in preparing the petition and notices required pursuant to this Code section. Venue shall,3,30, in preparing the petition and notices required pursuant to this Code section. Venue shall
92,"31  be lawful in any county, notwithstanding Code Section 15-11-29.",3,31," be lawful in any county, notwithstanding Code Section 15-11-29."
93,"32  (c) No abortion shall be performed unless the requirements of subparagraph (a)(1)(A),",3,32," (c) No abortion shall be performed unless the requirements of subparagraph (a)(1)(A),"
94,"33  (a)(1)(B), or (a)(1)(C) of this Code section have been met or the minor has obtained a court",3,33," (a)(1)(B), or (a)(1)(C) of this Code section have been met or the minor has obtained a court"
95,"34  order waiving such requirements.""",3,34," order waiving such requirements."""
96, 1                                          SECTION 3.,4,1,                                         SECTION 3.
97," 2 Said article is further amended by striking subsection (c) of Code Section 15-11-114, relating",4,2,"Said article is further amended by striking subsection (c) of Code Section 15-11-114, relating"
98," 3 to the conduct of the hearing and appeal, and inserting in lieu thereof the following:",4,3,"to the conduct of the hearing and appeal, and inserting in lieu thereof the following:"
99," 4   ""(c) The notification requirement of subparagraph (a)(1)(A), (a)(1)(B), or (a)(1)(C) of",4,4,"  ""(c) The requirement of subparagraph (a)(1)(A), (a)(1)(B), or (a)(1)(C) of"
100, 5   Code Section 15-11-112 shall be waived if the court finds either:,4,5,  Code Section 15-11-112 shall be waived if the court finds either:
101, 6     (1) That the unemancipated minor is mature enough and well enough informed to make,4,6,    (1) That the unemancipated minor is mature enough and well enough informed to make
102," 7     the abortion decision in consultation with her physician, independently of the wishes of",4,7,"    the abortion decision in consultation with her physician, independently of the wishes of"
103," 8     such minor큦 parent, or guardian, or person standing in loco parentis; or",4,8,"    such minor큦 parent, or guardian; or"
104," 9     (2) That the notice to a parent or, if the minor is subject to guardianship, the legal",4,9,"    (2) That the notice to a parent or, if the minor is subject to guardianship, the legal"
105,10     guardian or person standing in loco parentis pursuant to Code Section 15-11-112 would,4,10,    guardian pursuant to Code Section 15-11-112 would
106,"11     not be in the best interests of the minor.""",4,11,"    not be in the best interests of the minor."""
107,12                                          SECTION 4.,4,12,                                         SECTION 4.
108,"13 Chapter 12 of Title 16 of the Official Code of Georgia Annotated, relating to offenses against",4,13,"Chapter 12 of Title 16 of the Official Code of Georgia Annotated, relating to offenses against"
109,"14 health and morals, is amended by striking subsection (b) of Code Section 16-12-141, relating",4,14,"health and morals, is amended by striking subsection (b) of Code Section 16-12-141, relating"
110,"15 to when abortion is legal, and inserting in lieu thereof a new subsection (b) to read as",4,15,"to when abortion is legal, and inserting in lieu thereof a new subsection (b) to read as"
111,16 follows:,4,16,follows:
112,"17     ""(b)(1) No abortion is authorized or shall be performed after the first trimester unless the",4,17,"    ""(b)(1) No abortion is authorized or shall be performed after the first trimester unless the"
113,"18     abortion is performed in a licensed hospital, in a licensed ambulatory surgical center, or",4,18,"    abortion is performed in a licensed hospital, in a licensed ambulatory surgical center, or"
114,19     in a health facility licensed as an abortion facility by the Department of Human,4,19,    in a health facility licensed as an abortion facility by the Department of Human
115,20     Resources.,4,20,    Resources.
116,21     (2) An abortion shall only be performed by a physician licensed under Article 2 of,4,21,    (2) An abortion shall only be performed by a physician licensed under Article 2 of
117,"22     Chapter 34 of Title 43.""",4,22,"    Chapter 34 of Title 43."""
118,23                                          SECTION 5.,4,23,                                         SECTION 5.
119,"24 Said chapter is further amended in Code Section 16-12-141.1, relating to disposal of aborted",4,24,"Said chapter is further amended in Code Section 16-12-141.1, relating to disposal of aborted"
120,"25 fetuses and reports, by adding new subsections (c), (d), (e), (f), (g), (h), and (i) to read as",4,25,"fetuses and reports, by adding new subsections (c), (d), (e), (f), (g), (h), and (i) to read as"
121,26 follows:,4,26,follows:
122,"27   ""(c) Within 90 days after the effective date of this subsection, the Department of Human",4,27,"  ""(c) Within 90 days after the effective date of this subsection, the Department of Human"
123,28   Resources shall prepare a reporting form for physicians which shall include:,4,28,  Resources shall prepare a reporting form for physicians which shall include:
124,29     (1) The number of females whose parent or guardian was provided the notice required,4,29,    (1) The number of females whose parent or guardian was provided the notice required
125,30     in paragraph (1) of subsection (a) of Code Section 15-11-112 by the physician or such,4,30,    in paragraph (1) of subsection (a) of Code Section 15-11-112 by the physician or such
126,"31     physician큦 agent; of that number, the number of notices provided personally under",4,31,"    physician큦 agent; of that number, the number of notices provided personally under"
127,32     subparagraphs (a)(1)(A) and (a)(1)(B) of Code Section 15-11-112 and the number of,4,32,    subparagraphs (a)(1)(A) and (a)(1)(B) of Code Section 15-11-112 and the number of
128,"33     notices provided by mail under subparagraph (a)(1)(C) of Code Section 15-11-112; and,",4,33,"    notices provided by mail under subparagraph (a)(1)(C) of Code Section 15-11-112; and,"
129,"34     of each of those numbers, the number of females who, to the best of the reporting",4,34,"    of each of those numbers, the number of females who, to the best of the reporting"
130,"35     physician큦 information and belief, went on to obtain the abortion;",4,35,"    physician큦 information and belief, went on to obtain the abortion;"
131, 1    (2) The number of females upon whom the physician performed an abortion without,5,1,   (2) The number of females upon whom the physician performed an abortion without
132, 2    providing to the parent or guardian of a minor the notice required by subsection (a) of,5,2,   providing to the parent or guardian of a minor the notice required by subsection (a) of
133," 3    Code Section 15-11-112; and of that number, the number of females for which subsection",5,3,"   Code Section 15-11-112; and of that number, the number of females for which subsection"
134, 4    (b) of Code Section 15-11-112 and Code Section 15-11-116 were applicable;,5,4,   (b) of Code Section 15-11-112 and Code Section 15-11-116 were applicable;
135, 5    (3) The number of abortions performed upon a female by the physician after receiving,5,5,   (3) The number of abortions performed upon a female by the physician after receiving
136, 6    judicial authorization pursuant to subsection (b) of Code Section 15-11-112 and Code,5,6,   judicial authorization pursuant to subsection (b) of Code Section 15-11-112 and Code
137, 7    Section 15-11-114; and,5,7,   Section 15-11-114; and
138," 8    (4) The same information described in paragraphs (1), (2), and (3) of this subsection with",5,8,"   (4) The same information described in paragraphs (1), (2), and (3) of this subsection with"
139, 9    respect to females for whom a guardian or conservator has been appointed.,5,9,   respect to females for whom a guardian or conservator has been appointed.
140,10  (d) The Department of Human Resources shall ensure that copies of the reporting forms,5,10, (d) The Department of Human Resources shall ensure that copies of the reporting forms
141,"11  described in subsection (c) of this Code section, together with a reprint of this Code",5,11," described in subsection (c) of this Code section, together with a reprint of this Code"
142,"12  section, are provided:",5,12," section, are provided:"
143,"13    (1) Within 120 days after the effective date of this subsection, to all health facilities",5,13,"   (1) Within 120 days after the effective date of this subsection, to all health facilities"
144,14    licensed as an abortion facility by the Department of Human Resources;,5,14,   licensed as an abortion facility by the Department of Human Resources;
145,15    (2) To each physician licensed or who subsequently becomes licensed to practice,5,15,   (2) To each physician licensed or who subsequently becomes licensed to practice
146,16    medicine in this state at the same time as official notification to that physician that the,5,16,   medicine in this state at the same time as official notification to that physician that the
147,17    physician is so licensed; and,5,17,   physician is so licensed; and
148,"18    (3) By December 1 of every year, other than the calendar year in which forms are",5,18,"   (3) By December 1 of every year, other than the calendar year in which forms are"
149,"19    distributed in accordance with paragraph (1) of this subsection, to all health facilities",5,19,"   distributed in accordance with paragraph (1) of this subsection, to all health facilities"
150,20    licensed as an abortion facility by the Department of Human Resources.,5,20,   licensed as an abortion facility by the Department of Human Resources.
151,21  (e) By February 28 of each year following a calendar year in any part of which this,5,21, (e) By February 28 of each year following a calendar year in any part of which this
152,"22  subsection was in effect, each physician who provided, or whose agent provided, the notice",5,22," subsection was in effect, each physician who provided, or whose agent provided, the notice"
153,23  described in subsection (a) of Code Section 15-11-112 and any physician who knowingly,5,23, described in subsection (a) of Code Section 15-11-112 and any physician who knowingly
154,24  performed an abortion upon a female or upon a female for whom a guardian or conservator,5,24, performed an abortion upon a female or upon a female for whom a guardian or conservator
155,25  had been appointed because of a finding of incompetency during the previous calendar year,5,25, had been appointed because of a finding of incompetency during the previous calendar year
156,26  shall submit to the Department of Human Resources a copy of the form described in,5,26, shall submit to the Department of Human Resources a copy of the form described in
157,27  subsection (c) of this Code section with the requested data entered accurately and,5,27, subsection (c) of this Code section with the requested data entered accurately and
158,28  completely.,5,28, completely.
159,29  (f) Reports that are submitted more than 30 days following the due date shall be subject,5,29, (f) Reports that are submitted more than 30 days following the due date shall be subject
160,30  to a late fee of $500.00 for that period and the same fee for each additional 30 day period,5,30, to a late fee of $500.00 for that period and the same fee for each additional 30 day period
161,31  or portion of a 30 day period in which they remain overdue. Any physician required to,5,31, or portion of a 30 day period in which they remain overdue. Any physician required to
162,32  report in accordance with this Code section who submits an incomplete report or fails to,5,32, report in accordance with this Code section who submits an incomplete report or fails to
163,"33  submit a report for more than one year following the due date may, in an action brought by",5,33," submit a report for more than one year following the due date may, in an action brought by"
164,"34  the Department of Human Resources, be directed by a court of competent jurisdiction to",5,34," the Department of Human Resources, be directed by a court of competent jurisdiction to"
165,35  submit a complete report within a period stated by court order or be subject to sanctions for,5,35, submit a complete report within a period stated by court order or be subject to sanctions for
166,36  civil contempt.,5,36, civil contempt.
167," 1   (g) By June 30 of each year, the Department of Human Resources shall issue a public",6,1,"  (g) By June 30 of each year, the Department of Human Resources shall issue a public"
168, 2   report providing statistics for the previous calendar year compiled from all the reports,6,2,  report providing statistics for the previous calendar year compiled from all the reports
169, 3   covering that year submitted in accordance with this Code section for each of the items,6,3,  covering that year submitted in accordance with this Code section for each of the items
170, 4   listed in subsection (c) of this Code section. The report shall also include statistics which,6,4,  listed in subsection (c) of this Code section. The report shall also include statistics which
171, 5   shall be obtained by the Administrative Office of the Courts giving the total number of,6,5,  shall be obtained by the Administrative Office of the Courts giving the total number of
172," 6   petitions or motions filed under subsection (b) of Code Section 15-11-112 and, of that",6,6,"  petitions or motions filed under subsection (b) of Code Section 15-11-112 and, of that"
173," 7   number, the number in which the court appointed a guardian ad litem, the number in which",6,7,"  number, the number in which the court appointed a guardian ad litem, the number in which"
174," 8   the court appointed counsel, the number in which the judge issued an order authorizing an",6,8,"  the court appointed counsel, the number in which the judge issued an order authorizing an"
175," 9   abortion without notification, the number in which the judge denied such an order, and, of",6,9,"  abortion without notification, the number in which the judge denied such an order, and, of"
176,"10   the last, the number of denials from which an appeal was filed, the number of such appeals",6,10,"  the last, the number of denials from which an appeal was filed, the number of such appeals"
177,"11   that resulted in the denials being affirmed, and the number of such appeals that resulted in",6,11,"  that resulted in the denials being affirmed, and the number of such appeals that resulted in"
178,12   reversals of such denials. Each report shall also provide the statistics for all previous,6,12,  reversals of such denials. Each report shall also provide the statistics for all previous
179,"13   calendar years for which such a public statistical report was required to be issued, adjusted",6,13,"  calendar years for which such a public statistical report was required to be issued, adjusted"
180,14   to reflect any additional information from late or corrected reports. The Department of,6,14,  to reflect any additional information from late or corrected reports. The Department of
181,15   Human Resources shall ensure that none of the information included in the public reports,6,15,  Human Resources shall ensure that none of the information included in the public reports
182,16   could reasonably lead to the identification of any individual female or of any female for,6,16,  could reasonably lead to the identification of any individual female or of any female for
183,17   whom a guardian or conservator has been appointed.,6,17,  whom a guardian or conservator has been appointed.
184,18   (h) The Department of Human Resources may by regulation alter the dates established by,6,18,  (h) The Department of Human Resources may by regulation alter the dates established by
185,19   paragraph (3) of subsection (d) and subsections (e) and (g) of this Code section or,6,19,  paragraph (3) of subsection (d) and subsections (e) and (g) of this Code section or
186,20   consolidate the forms or reports to achieve administrative convenience or fiscal savings or,6,20,  consolidate the forms or reports to achieve administrative convenience or fiscal savings or
187,21   to reduce the burden of reporting requirements so long as reporting forms are sent to all,6,21,  to reduce the burden of reporting requirements so long as reporting forms are sent to all
188,22   facilities licensed as an abortion facility by the Department of Human Resources at least,6,22,  facilities licensed as an abortion facility by the Department of Human Resources at least
189,23   once every year and the report described in subsection (g) of this Code section is issued at,6,23,  once every year and the report described in subsection (g) of this Code section is issued at
190,24   least once each year.,6,24,  least once each year.
191,25   (i) The Department of Human Resources shall ensure that the names and identities of the,6,25,  (i) The Department of Human Resources shall ensure that the names and identities of the
192,26   physicians filing reports under this Code section shall remain confidential. The names and,6,26,  physicians filing reports under this Code section shall remain confidential. The names and
193,"27   identities of such physicians shall not be subject to Article 4 of Chapter 18 of Title 50.""",6,27,"  identities of such physicians shall not be subject to Article 4 of Chapter 18 of Title 50."""
194,28                                           SECTION 6.,6,28,                                          SECTION 6.
195,"29 Title 31 of the Official Code of Georgia Annotated, relating to health, is amended by adding",6,29,"Title 31 of the Official Code of Georgia Annotated, relating to health, is amended by adding"
196,30 after Chapter 9 a new Chapter 9A to read as follows:,6,30,after Chapter 9 a new Chapter 9A to read as follows:
197,"31                                         ""CHAPTER 9A",6,31,"                                        ""CHAPTER 9A"
198,32   31-9A-1.,6,32,  31-9A-1.
199,33   This chapter shall be known and may be cited as the 'Woman큦 Right to Know Act.',6,33,  This chapter shall be known and may be cited as the 'Woman큦 Right to Know Act.'
200, 1  31-9A-2.,7,1, 31-9A-2.
201," 2  As used in this chapter, the term:",7,2," As used in this chapter, the term:"
202," 3    (1) 'Abortion' means the use or prescription of any instrument, medicine, drug, or any",7,3,"   (1) 'Abortion' means the use or prescription of any instrument, medicine, drug, or any"
203, 4    other substance or device with the intent to terminate the pregnancy of a female known,7,4,   other substance or device with the intent to terminate the pregnancy of a female known
204, 5    to be pregnant. The term 'abortion' shall not include the use or prescription of any,7,5,   to be pregnant. The term 'abortion' shall not include the use or prescription of any
205," 6    instrument, medicine, drug, or any other substance or device employed solely to increase",7,6,"   instrument, medicine, drug, or any other substance or device employed solely to increase"
206," 7    the probability of a live birth, to preserve the life or health of the child after live birth, or",7,7,"   the probability of a live birth, to preserve the life or health of the child after live birth, or"
207, 8    to remove a dead unborn child who died as the result of a spontaneous abortion. The,7,8,   to remove a dead unborn child who died as the result of a spontaneous abortion. The
208, 9    term 'abortion' also shall not include the prescription or use of contraceptives.,7,9,   term 'abortion' also shall not include the prescription or use of contraceptives.
209,"10    (2) 'Medical emergency' means any condition which, on the basis of the physician큦 good",7,10,"   (2) 'Medical emergency' means any condition which, on the basis of the physician큦 good"
210,"11    faith clinical judgment, so complicates the medical condition of a pregnant female as to",7,11,"   faith clinical judgment, so complicates the medical condition of a pregnant female as to"
211,12    necessitate the immediate abortion of her pregnancy to avert her death or for which a,7,12,   necessitate the immediate abortion of her pregnancy to avert her death or for which a
212,13    delay will create serious risk of substantial or irreversible impairment of a major bodily,7,13,   delay will create serious risk of substantial or irreversible impairment of a major bodily
213,14    function.,7,14,   function.
214,15    (3) 'Physician' means a person licensed to practice medicine under Article 2 of Chapter,7,15,   (3) 'Physician' means a person licensed to practice medicine under Article 2 of Chapter
215,16    34 of Title 43.,7,16,   34 of Title 43.
216,17    (4) 'Probable gestational age of the unborn child' means the physician큦 best professional,7,17,   (4) 'Probable gestational age of the unborn child' means the physician큦 best professional
217,18    estimate of the probable gestational age of the unborn child at the time an abortion is to,7,18,   estimate of the probable gestational age of the unborn child at the time an abortion is to
218,19    be performed.,7,19,   be performed.
219,"20    (5) 'Qualified agent' means the agent of the physician who is a patient educator, licensed",7,20,"   (5) 'Qualified agent' means the agent of the physician who is a patient educator, licensed"
220,"21    psychologist, licensed social worker, licensed professional counselor, licensed",7,21,"   psychologist, licensed social worker, licensed professional counselor, licensed"
221,"22    physician큦 assistant, registered nurse, or physician.",7,22,"   physician큦 assistant, registered nurse, or physician."
222,23    (6) 'Secure Internet website' means a website that is safeguarded from having its content,7,23,   (6) 'Secure Internet website' means a website that is safeguarded from having its content
223,24    altered other than by the commissioner of human resources.,7,24,   altered other than by the commissioner of human resources.
224,25    (7) 'Unborn child' or 'fetus' means a member of the species homo sapiens from,7,25,   (7) 'Unborn child' or 'fetus' means a member of the species homo sapiens from
225,26    fertilization until birth.,7,26,   fertilization until birth.
226,27  31-9A-3.,7,27, 31-9A-3.
227,28  No abortion shall be performed in this state except with the voluntary and informed consent,7,28, No abortion shall be performed in this state except with the voluntary and informed consent
228,29  of the female upon whom the abortion is to be performed. Notwithstanding any provision,7,29, of the female upon whom the abortion is to be performed. Notwithstanding any provision
229,"30  of law to the contrary, except in the case of a medical emergency, consent to an abortion",7,30," of law to the contrary, except in the case of a medical emergency, consent to an abortion"
230,31  is voluntary and informed if and only if:,7,31, is voluntary and informed if and only if:
231,"32    (1) The female is told the following, by telephone or in person, by the physician who is",7,32,"   (1) The female is told the following, by telephone or in person, by the physician who is"
232,"33    to perform the abortion, by a qualified agent of the physician who is to perform the",7,33,"   to perform the abortion, by a qualified agent of the physician who is to perform the"
233,"34    abortion, by a qualified agent of a referring physician, or by a referring physician, at least",7,34,"   abortion, by a qualified agent of a referring physician, or by a referring physician, at least"
234,35    24 hours before the abortion:,7,35,   24 hours before the abortion:
235, 1      (A) The particular medical risks to the individual patient associated with the particular,8,1,     (A) The particular medical risks to the individual patient associated with the particular
236," 2      abortion procedure to be employed, when medically accurate;",8,2,"     abortion procedure to be employed, when medically accurate;"
237, 3      (B) The probable gestational age of the unborn child at the time the abortion would be,8,3,     (B) The probable gestational age of the unborn child at the time the abortion would be
238, 4      performed; and,8,4,     performed; and
239, 5      (C) The medical risks associated with carrying the unborn child to term.,8,5,     (C) The medical risks associated with carrying the unborn child to term.
240, 6    The information required by this paragraph may be provided by telephone without,8,6,   The information required by this paragraph may be provided by telephone without
241," 7    conducting a physical examination or tests of the patient, in which case the information",8,7,"   conducting a physical examination or tests of the patient, in which case the information"
242, 8    required to be provided may be based on facts supplied to the physician by the female and,8,8,   required to be provided may be based on facts supplied to the physician by the female and
243, 9    whatever other relevant information is reasonably available to the physician. Such,8,9,   whatever other relevant information is reasonably available to the physician. Such
244,10    information may not be provided by a tape recording but must be provided during a,8,10,   information may not be provided by a tape recording but must be provided during a
245,11    consultation in which the physician or a qualified agent of the physician is able to ask,8,11,   consultation in which the physician or a qualified agent of the physician is able to ask
246,12    questions of the female and the female is able to ask questions of the physician or the,8,12,   questions of the female and the female is able to ask questions of the physician or the
247,13    physician큦 qualified agent. If in the medical judgment of the physician any physical,8,13,   physician큦 qualified agent. If in the medical judgment of the physician any physical
248,"14    examination, tests, or other information subsequently provided to the physician requires",8,14,"   examination, tests, or other information subsequently provided to the physician requires"
249,"15    a revision of the information previously supplied to the patient, that revised information",8,15,"   a revision of the information previously supplied to the patient, that revised information"
250,16    shall be communicated to the patient prior to the performance of the abortion. Nothing,8,16,   shall be communicated to the patient prior to the performance of the abortion. Nothing
251,17    in this Code section may be construed to preclude provision of required information in,8,17,   in this Code section may be construed to preclude provision of required information in
252,18    a language understood by the patient through a translator;,8,18,   a language understood by the patient through a translator;
253,"19    (2) The female is informed, by telephone or in person, by the physician who is to",8,19,"   (2) The female is informed, by telephone or in person, by the physician who is to"
254,"20    perform the abortion, by a referring physician, or by a qualified agent of either physician",8,20,"   perform the abortion, by a referring physician, or by a qualified agent of either physician"
255,21    at least 24 hours before the abortion:,8,21,   at least 24 hours before the abortion:
256,"22      (A) That medical assistance benefits may be available for prenatal care, childbirth, and",8,22,"     (A) That medical assistance benefits may be available for prenatal care, childbirth, and"
257,23      neonatal care;,8,23,     neonatal care;
258,24      (B) That the father will be liable pursuant to subsection (a) of Code Section 19-7-49,8,24,     (B) That the father will be liable pursuant to subsection (a) of Code Section 19-7-49
259,25      to assist in the support of her child; and,8,25,     to assist in the support of her child; and
260,26      (C) That she has the right to review the printed materials described in Code Section,8,26,     (C) That she has the right to review the printed materials described in Code Section
261,27      31-9A-4 and that these materials are available on a state sponsored website at a stated,8,27,     31-9A-4 and that these materials are available on a state sponsored website at a stated
262,28      website address. The physician or the physician큦 qualified agent shall orally inform,8,28,     website address. The physician or the physician큦 qualified agent shall orally inform
263,29      the female that materials have been provided by the State of Georgia and that they,8,29,     the female that materials have been provided by the State of Georgia and that they
264,"30      describe the unborn child, list agencies that offer alternatives to abortion, and contain",8,30,"     describe the unborn child, list agencies that offer alternatives to abortion, and contain"
265,31      information on fetal pain. If the female chooses to view the materials other than on the,8,31,     information on fetal pain. If the female chooses to view the materials other than on the
266,"32      website, they shall either be given to her at least 24 hours before the abortion or mailed",8,32,"     website, they shall either be given to her at least 24 hours before the abortion or mailed"
267,"33      to her at least 72 hours before the abortion by certified mail, restricted delivery to",8,33,"     to her at least 72 hours before the abortion by certified mail, restricted delivery to"
268,34      addressee.,8,34,     addressee.
269,35    The information required by this paragraph may be provided by a tape recording if,8,35,   The information required by this paragraph may be provided by a tape recording if
270,36    provision is made to record or otherwise register specifically whether the female does or,8,36,   provision is made to record or otherwise register specifically whether the female does or
271,37    does not choose to review the printed materials other than on the website;,8,37,   does not choose to review the printed materials other than on the website;
272," 1    (3) The female certifies in writing, prior to the abortion, that the information described",9,1,"   (3) The female certifies in writing, prior to the abortion, that the information described"
273, 2    in paragraphs (1) and (2) of this Code section has been furnished her and that she has,9,2,   in paragraphs (1) and (2) of this Code section has been furnished her and that she has
274, 3    been informed of her opportunity to review the information referred to in subparagraph,9,3,   been informed of her opportunity to review the information referred to in subparagraph
275, 4    (C) of paragraph (2) of this Code section; and,9,4,   (C) of paragraph (2) of this Code section; and
276," 5    (4) Prior to the performance of the abortion, the physician who is to perform the abortion",9,5,"   (4) Prior to the performance of the abortion, the physician who is to perform the abortion"
277, 6    or the physician큦 qualified agent receives a copy of the written certification prescribed,9,6,   or the physician큦 qualified agent receives a copy of the written certification prescribed
278, 7    by paragraph (3) of this Code section and retains it on file with the female큦 medical,9,7,   by paragraph (3) of this Code section and retains it on file with the female큦 medical
279, 8    record for at least three years following the date of receipt.,9,8,   record for at least three years following the date of receipt.
280, 9  31-9A-4.,9,9, 31-9A-4.
281,"10  (a) Within 90 days after this chapter first becomes effective, the Department of Human",9,10," (a) Within 90 days after this chapter first becomes effective, the Department of Human"
282,11  Resources shall cause to be published in English and in each language which is the primary,9,11, Resources shall cause to be published in English and in each language which is the primary
283,12  language of 2 percent or more of the state큦 population and shall cause to be available on,9,12, language of 2 percent or more of the state큦 population and shall cause to be available on
284,13  the state website provided for in subsection (d) of this Code section the following printed,9,13, the state website provided for in subsection (d) of this Code section the following printed
285,14  materials in such a way as to ensure that the information is easily comprehensible:,9,14, materials in such a way as to ensure that the information is easily comprehensible:
286,15    (1) Geographically indexed materials designed to inform the female of public and private,9,15,   (1) Geographically indexed materials designed to inform the female of public and private
287,"16     agencies and services available to assist a female through pregnancy, upon childbirth,",9,16,"    agencies and services available to assist a female through pregnancy, upon childbirth,"
288,"17    and while the child is dependent, including adoption agencies, which shall include a",9,17,"   and while the child is dependent, including adoption agencies, which shall include a"
289,"18    comprehensive list of the agencies available, a description of the services they offer, and",9,18,"   comprehensive list of the agencies available, a description of the services they offer, and"
290,"19    a description of the manner, including telephone numbers and website addresses, in",9,19,"   a description of the manner, including telephone numbers and website addresses, in"
291,"20    which they might be contacted or, at the option of such department, printed materials",9,20,"   which they might be contacted or, at the option of such department, printed materials"
292,"21    including a toll-free, 24 hour telephone number which may be called to obtain, orally or",9,21,"   including a toll-free, 24 hour telephone number which may be called to obtain, orally or"
293,"22    by a tape recorded message tailored to the ZIP Code entered by the caller, such a list and",9,22,"   by a tape recorded message tailored to the ZIP Code entered by the caller, such a list and"
294,23    description of agencies in the locality of the caller and of the services they offer;,9,23,   description of agencies in the locality of the caller and of the services they offer;
295,24    (2) Materials designed to inform the female of the probable anatomical and physiological,9,24,   (2) Materials designed to inform the female of the probable anatomical and physiological
296,25    characteristics of the unborn child at two-week gestational increments from the time,9,25,   characteristics of the unborn child at two-week gestational increments from the time
297,"26    when a female can be known to be pregnant to full term, including any relevant",9,26,"   when a female can be known to be pregnant to full term, including any relevant"
298,27    information on the possibility of the unborn child큦 survival and pictures representing the,9,27,   information on the possibility of the unborn child큦 survival and pictures representing the
299,"28    development of unborn children at two-week gestational increments, provided that any",9,28,"   development of unborn children at two-week gestational increments, provided that any"
300,29    such pictures must contain the dimensions of the fetus and must be factually accurate for,9,29,   such pictures must contain the dimensions of the fetus and must be factually accurate for
301,"30    the stage of pregnancy depicted. The materials shall be objective, nonjudgmental, and",9,30,"   the stage of pregnancy depicted. The materials shall be objective, nonjudgmental, and"
302,31    designed to convey only factually accurate scientific information about the unborn child,9,31,   designed to convey only factually accurate scientific information about the unborn child
303,32    at the various gestational ages. The material shall also contain objective information,9,32,   at the various gestational ages. The material shall also contain objective information
304,"33    describing the methods of abortion procedures commonly employed, the medical risks",9,33,"   describing the methods of abortion procedures commonly employed, the medical risks"
305,"34    commonly associated with each such procedure, the possible detrimental psychological",9,34,"   commonly associated with each such procedure, the possible detrimental psychological"
306,"35    effects of abortion, and the medical risks commonly associated with carrying a child to",9,35,"   effects of abortion, and the medical risks commonly associated with carrying a child to"
307,36    term; and,9,36,   term; and
308, 1    (3) Materials with the following statement concerning unborn children of 20 weeks or,10,1,   (3) Materials with the following statement concerning unborn children of 20 weeks or
309, 2    more gestational age:,10,2,   more gestational age:
310," 3      'By 20 weeks gestation, the unborn child has the physical structures necessary to",10,3,"     'By 20 weeks gestation, the unborn child has the physical structures necessary to"
311, 4      experience pain. There is evidence that by 20 weeks gestation unborn children seek,10,4,     experience pain. There is evidence that by 20 weeks gestation unborn children seek
312, 5      to evade certain stimuli in a manner which in an infant or an adult would be interpreted,10,5,     to evade certain stimuli in a manner which in an infant or an adult would be interpreted
313, 6      to be a response to pain. Anesthesia is routinely administered to unborn children who,10,6,     to be a response to pain. Anesthesia is routinely administered to unborn children who
314, 7      are 20 weeks gestational age or older who undergo prenatal surgery.',10,7,     are 20 weeks gestational age or older who undergo prenatal surgery.'
315," 8    The materials shall be objective, nonjudgmental, and designed to convey only accurate",10,8,"   The materials shall be objective, nonjudgmental, and designed to convey only accurate"
316, 9    scientific information about the unborn child at the various gestational ages.,10,9,   scientific information about the unborn child at the various gestational ages.
317,10  (b) The materials referred to in subsection (a) of this Code section shall be printed in a,10,10, (b) The materials referred to in subsection (a) of this Code section shall be printed in a
318,11  typeface large enough to be clearly legible. All pictures and print appearing on the website,10,11, typeface large enough to be clearly legible. All pictures and print appearing on the website
319,12  shall be clearly legible. All information and pictures shall be accessible with an industry,10,12, shall be clearly legible. All information and pictures shall be accessible with an industry
320,"13  standard browser, requiring no additional plug-ins.",10,13," standard browser, requiring no additional plug-ins."
321,14  (c) The materials required under this Code section shall be available at no cost from the,10,14, (c) The materials required under this Code section shall be available at no cost from the
322,15  Department of Human Resources upon request and in a reasonably appropriate number to,10,15, Department of Human Resources upon request and in a reasonably appropriate number to
323,"16  any person, facility, or hospital.",10,16," any person, facility, or hospital."
324,17  (d) The Department of Human Resources shall develop and maintain a secure Internet,10,17, (d) The Department of Human Resources shall develop and maintain a secure Internet
325,18  website to provide the information described in this Code section. No information,10,18, website to provide the information described in this Code section. No information
326,19  regarding who uses the website shall be collected or maintained. The Department of,10,19, regarding who uses the website shall be collected or maintained. The Department of
327,20  Human Resources shall monitor the website on a weekly basis to prevent and correct,10,20, Human Resources shall monitor the website on a weekly basis to prevent and correct
328,21  tampering.,10,21, tampering.
329,22  31-9A-5.,10,22, 31-9A-5.
330,"23  (a) When a medical emergency compels the performance of an abortion, the physician",10,23," (a) When a medical emergency compels the performance of an abortion, the physician"
331,"24  shall inform the female prior to the abortion, if medically reasonable and prudent, of the",10,24," shall inform the female prior to the abortion, if medically reasonable and prudent, of the"
332,25  medical indications supporting the physician큦 judgment that an abortion is medically,10,25, medical indications supporting the physician큦 judgment that an abortion is medically
333,26  necessary to avert her death or that a 24 hour delay will create serious risk of substantial,10,26, necessary to avert her death or that a 24 hour delay will create serious risk of substantial
334,27  or irreversible impairment of a major bodily function.,10,27, or irreversible impairment of a major bodily function.
335,28  (b) Any physician who complies with subsection (a) of this Code section shall not be held,10,28, (b) Any physician who complies with subsection (a) of this Code section shall not be held
336,29  civilly liable to a patient for failure to obtain informed consent to an abortion.,10,29, civilly liable to a patient for failure to obtain informed consent to an abortion.
337,30  31-9A-6.,10,30, 31-9A-6.
338,"31  (a) Within 90 days after this chapter first becomes effective, the Department of Human",10,31," (a) Within 90 days after this chapter first becomes effective, the Department of Human"
339,32  Resources shall prepare a reporting form for physicians performing abortions in a health,10,32, Resources shall prepare a reporting form for physicians performing abortions in a health
340,33  facility licensed as an abortion facility by the Department of Human Resources containing,10,33, facility licensed as an abortion facility by the Department of Human Resources containing
341,34  a reprint of this chapter and listing:,10,34, a reprint of this chapter and listing:
342, 1    (1) The number of females to whom the physician provided the information described,11,1,   (1) The number of females to whom the physician provided the information described
343," 2    in paragraph (1) of Code Section 31-9A-3; of that number, the number to whom the",11,2,"   in paragraph (1) of Code Section 31-9A-3; of that number, the number to whom the"
344, 3    information was provided by telephone and the number to whom the information was,11,3,   information was provided by telephone and the number to whom the information was
345," 4    provided in person; and of each of those numbers, the number to whom the information",11,4,"   provided in person; and of each of those numbers, the number to whom the information"
346, 5    was provided by a referring physician and the number to whom the information was,11,5,   was provided by a referring physician and the number to whom the information was
347, 6    provided by a physician who is to perform the abortion;,11,6,   provided by a physician who is to perform the abortion;
348, 7    (2) The number of females to whom the physician or a qualified agent of the physician,11,7,   (2) The number of females to whom the physician or a qualified agent of the physician
349, 8    provided the information described in paragraph (2) of Code Section 31-9A-3; of that,11,8,   provided the information described in paragraph (2) of Code Section 31-9A-3; of that
350," 9    number, the number to whom the information was provided by telephone and the number",11,9,"   number, the number to whom the information was provided by telephone and the number"
351,"10    to whom the information was provided in person; of each of those numbers, the number",11,10,"   to whom the information was provided in person; of each of those numbers, the number"
352,11    to whom the information was provided by a referring physician and the number to whom,11,11,   to whom the information was provided by a referring physician and the number to whom
353,12    the information was provided by a physician who is to perform the abortion; and of each,11,12,   the information was provided by a physician who is to perform the abortion; and of each
354,"13    of those numbers, the number to whom the information was provided by the physician",11,13,"   of those numbers, the number to whom the information was provided by the physician"
355,14    and the number to whom the information was provided by a qualified agent of the,11,14,   and the number to whom the information was provided by a qualified agent of the
356,15    physician; and,11,15,   physician; and
357,16    (3) The number of females who availed themselves of the opportunity to obtain a copy,11,16,   (3) The number of females who availed themselves of the opportunity to obtain a copy
358,"17    of the printed information described in Code Section 31-9A-4, other than on the website,",11,17,"   of the printed information described in Code Section 31-9A-4, other than on the website,"
359,"18    and the number who did not; and of each of those numbers, the number who, to the best",11,18,"   and the number who did not; and of each of those numbers, the number who, to the best"
360,"19    of the reporting physician큦 information and belief, went on to obtain the abortion.",11,19,"   of the reporting physician큦 information and belief, went on to obtain the abortion."
361,20  (b) The Department of Human Resources shall ensure that copies of the reporting forms,11,20, (b) The Department of Human Resources shall ensure that copies of the reporting forms
362,21  described in subsection (a) of this Code section are provided:,11,21, described in subsection (a) of this Code section are provided:
363,"22    (1) Within 120 days after this chapter first becomes effective, to all health facilities",11,22,"   (1) Within 120 days after this chapter first becomes effective, to all health facilities"
364,23    licensed as an abortion facility by the Department of Human Resources;,11,23,   licensed as an abortion facility by the Department of Human Resources;
365,24    (2) To each physician licensed or who subsequently becomes licensed to practice in this,11,24,   (2) To each physician licensed or who subsequently becomes licensed to practice in this
366,"25    state, at the same time as official notification to that physician that the physician is so",11,25,"   state, at the same time as official notification to that physician that the physician is so"
367,26    licensed; and,11,26,   licensed; and
368,"27    (3) By December 1 of each year, other than the calendar year in which forms are",11,27,"   (3) By December 1 of each year, other than the calendar year in which forms are"
369,"28    distributed in accordance with paragraph (1) of this subsection, to all health facilities",11,28,"   distributed in accordance with paragraph (1) of this subsection, to all health facilities"
370,29    licensed as an abortion facility by the Department of Human Resources.,11,29,   licensed as an abortion facility by the Department of Human Resources.
371,30  (c) By February 28 of each year following a calendar year in any part of which this chapter,11,30, (c) By February 28 of each year following a calendar year in any part of which this chapter
372,"31  was in effect, each physician who provided, or whose qualified agent provided, information",11,31," was in effect, each physician who provided, or whose qualified agent provided, information"
373,32  to one or more females in accordance with Code Section 31-9A-3 during the previous,11,32, to one or more females in accordance with Code Section 31-9A-3 during the previous
374,33  calendar year shall submit to the Department of Human Resources a copy of the form,11,33, calendar year shall submit to the Department of Human Resources a copy of the form
375,34  described in subsection (a) of this Code section with the requested data entered accurately,11,34, described in subsection (a) of this Code section with the requested data entered accurately
376,35  and completely.,11,35, and completely.
377,36  (d) Nothing in this Code section shall be construed to preclude the voluntary or required,11,36, (d) Nothing in this Code section shall be construed to preclude the voluntary or required
378,37  submission of other reports or forms regarding abortions.,11,37, submission of other reports or forms regarding abortions.
379, 1  (e) Reports that are not submitted within a grace period of 30 days following the due date,12,1, (e) Reports that are not submitted within a grace period of 30 days following the due date
380, 2  shall be subject to a late fee of $500.00 for that period and the same fee for each additional,12,2, shall be subject to a late fee of $500.00 for that period and the same fee for each additional
381, 3  30 day period or portion of a 30 day period the reports are overdue. Any physician,12,3, 30 day period or portion of a 30 day period the reports are overdue. Any physician
382, 4  required to submit a report in accordance with this Code section who submits an,12,4, required to submit a report in accordance with this Code section who submits an
383, 5  incomplete report or fails to submit a report for more than one year following the due date,12,5, incomplete report or fails to submit a report for more than one year following the due date
384," 6  may, in an action brought by the Department of Human Resources, be directed by a court",12,6," may, in an action brought by the Department of Human Resources, be directed by a court"
385, 7  of competent jurisdiction to submit a complete report within a period stated by court order,12,7, of competent jurisdiction to submit a complete report within a period stated by court order
386, 8  or may be subject to sanctions for civil contempt.,12,8, or may be subject to sanctions for civil contempt.
387," 9  (f) By June 30 of each year, the Department of Human Resources shall issue a public",12,9," (f) By June 30 of each year, the Department of Human Resources shall issue a public"
388,10  report providing statistics for the previous calendar year compiled from all of the reports,12,10, report providing statistics for the previous calendar year compiled from all of the reports
389,11  covering that year submitted in accordance with this Code section for each of the items,12,11, covering that year submitted in accordance with this Code section for each of the items
390,12  listed in subsection (a) of this Code section. Each report shall also provide the statistics for,12,12, listed in subsection (a) of this Code section. Each report shall also provide the statistics for
391,13  all previous calendar years adjusted to reflect any additional information from late or,12,13, all previous calendar years adjusted to reflect any additional information from late or
392,14  corrected reports. The Department of Human Resources shall ensure that none of the,12,14, corrected reports. The Department of Human Resources shall ensure that none of the
393,15  information included in the public reports could reasonably lead to the identification of any,12,15, information included in the public reports could reasonably lead to the identification of any
394,16  individual who provided information in accordance with Code Section 31-9A-3 or,12,16, individual who provided information in accordance with Code Section 31-9A-3 or
395,17  31-9A-4.,12,17, 31-9A-4.
396,"18  (g) The Department of Human Resources may, by regulation, alter the dates established",12,18," (g) The Department of Human Resources may, by regulation, alter the dates established"
397,19  by subsection (c) or (e) of this Code section or paragraph (3) of subsection (b) of this Code,12,19, by subsection (c) or (e) of this Code section or paragraph (3) of subsection (b) of this Code
398,20  section or may consolidate the forms or reports described in this Code section with other,12,20, section or may consolidate the forms or reports described in this Code section with other
399,"21  forms or reports for reasons including, but not limited to, achieving administrative",12,21," forms or reports for reasons including, but not limited to, achieving administrative"
400,"22  convenience or fiscal savings or reducing the burden of reporting requirements, so long as",12,22," convenience or fiscal savings or reducing the burden of reporting requirements, so long as"
401,23  reporting forms are sent to all facilities licensed as an abortion facility by the Department,12,23, reporting forms are sent to all facilities licensed as an abortion facility by the Department
402,24  of Human Resources at least once every year and the report described in subsection (f) of,12,24, of Human Resources at least once every year and the report described in subsection (f) of
403,25  this Code section is issued at least once every year.,12,25, this Code section is issued at least once every year.
404,26  (h) The Department of Human Resources shall ensure that the names and identities of the,12,26, (h) The Department of Human Resources shall ensure that the names and identities of the
405,27  physicians filing reports under this chapter shall remain confidential. The names and,12,27, physicians filing reports under this chapter shall remain confidential. The names and
406,28  identities of such physicians shall not be subject to Article 4 of Chapter 18 of Title 50.,12,28, identities of such physicians shall not be subject to Article 4 of Chapter 18 of Title 50.
407,29  31-9A-7.,12,29, 31-9A-7.
408,30  In any civil proceeding or action relating to this chapter or a breach of duty under this,12,30, In any civil proceeding or action relating to this chapter or a breach of duty under this
409,"31  chapter, the court shall rule whether the anonymity of any female upon whom an abortion",12,31," chapter, the court shall rule whether the anonymity of any female upon whom an abortion"
410,32  has been performed shall be preserved from public disclosure if she does not give her,12,32, has been performed shall be preserved from public disclosure if she does not give her
411,"33  consent to such disclosure. The court, upon motion or sua sponte, shall make such a ruling",12,33," consent to such disclosure. The court, upon motion or sua sponte, shall make such a ruling"
412,"34  and, upon determining that her anonymity should be preserved, shall issue orders to the",12,34," and, upon determining that her anonymity should be preserved, shall issue orders to the"
413,"35  parties, witnesses, and counsel and shall direct the sealing of the record and exclusion of",12,35," parties, witnesses, and counsel and shall direct the sealing of the record and exclusion of"
414,36  individuals from courtrooms or hearing rooms to the extent necessary to safeguard her,12,36, individuals from courtrooms or hearing rooms to the extent necessary to safeguard her
415, 1  identity from public disclosure. Each such order shall be accompanied by specific written,13,1, identity from public disclosure. Each such order shall be accompanied by specific written
416, 2  findings explaining why the anonymity of the female should be preserved from public,13,2, findings explaining why the anonymity of the female should be preserved from public
417," 3  disclosure, why the order is essential to that end, how the order is narrowly tailored to serve",13,3," disclosure, why the order is essential to that end, how the order is narrowly tailored to serve"
418," 4  that interest, and why no reasonable less restrictive alternative exists. This Code section",13,4," that interest, and why no reasonable less restrictive alternative exists. This Code section"
419, 5  may not be construed to conceal the identity of the plaintiff or of witnesses from the,13,5, may not be construed to conceal the identity of the plaintiff or of witnesses from the
420, 6  defendant.,13,6, defendant.
421, 7  31-9A-8.,13,7, 31-9A-8.
422," 8  If any one or more provisions, Code sections, subsections, sentences, clauses, phrases, or",13,8," If any one or more provisions, Code sections, subsections, sentences, clauses, phrases, or"
423, 9  words of this chapter or the application thereof to any person or circumstance is found to,13,9, words of this chapter or the application thereof to any person or circumstance is found to
424,"10  be unconstitutional, the same is declared to be severable, and the balance of this chapter",13,10," be unconstitutional, the same is declared to be severable, and the balance of this chapter"
425,11  shall remain effective notwithstanding such unconstitutionality. The General Assembly,13,11, shall remain effective notwithstanding such unconstitutionality. The General Assembly
426,"12  declares that it would have enacted this chapter and each Code section, subsection,",13,12," declares that it would have enacted this chapter and each Code section, subsection,"
427,"13  sentence, clause, phrase, or word thereof irrespective of the fact that any one or more",13,13," sentence, clause, phrase, or word thereof irrespective of the fact that any one or more"
428,"14  provisions, Code sections, subsections, sentences, clauses, phrases, or words would be",13,14," provisions, Code sections, subsections, sentences, clauses, phrases, or words would be"
429,"15  declared unconstitutional.""",13,15," declared unconstitutional."""
430,16                                         SECTION 7.,13,16,                                        SECTION 7.
431,17 This Act shall become effective upon its approval by the Governor or upon its becoming law,13,17,This Act shall become effective upon its approval by the Governor or upon its becoming law
432,18 without such approval.,13,18,without such approval.
433,19                                         SECTION 8.,13,19,                                        SECTION 8.
434,20 All laws and parts of laws in conflict with this Act are repealed.,13,20,All laws and parts of laws in conflict with this Act are repealed.
